IP          , ID                                , Location                                                                      , Description                                                                                                                                                                                      , In_AGU , In_AGU_v2, In_Spec, ref_matched              , In_ref , CSBC, CSBC_v2, CSBC_v3, Codex_agent, codex with chunk, structure_AGU, structure_AGU_pair, structure_vs_legacy, In_pair_v2    , In_AGU_v2_detail                                                                                                                                                                                                                          , In_Spec_detail                                                                                                                                                                                                                                                                                                                                                                                                                                                                                                                                 , In_pair_v2_detail                                                                                                                                                                                                                                                                                                                                                                                , In_ref_raw
HMAC        , 010                               , hmac_core.sv:223-230; hmac_core.sv:369-375                                    , SHA-512 outer-length: default branch uses SHA-384 constant (1408) instead of SHA-512 constant (1536)                                                                                             , strong , strong   , strong , strong@F-0020            , no     , yes , yes    , yes    , exact      , yes             , strong       , strong            , no_change          , strong@20/146 , latest semantic AGU/final F-0020 directly flags hmac_core SHA2_512 final length falling through to SHA2_384 constants at hmac_core.sv:223-230/369-375.                                                                                    , "strong: hw/ip/hmac/data/hmac.hjson:247-272 defines SHA2_512 as a supported digest mode; hw/ip/hmac/doc/theory_of_operation.md:77 says SHA-384/512 use 1024-bit block and 128-bit length padding; :110 says HMAC length adds block size. Together these require SHA-512 sizing, not SHA-384 constants."                                                                                                                                                                                                                                        , "F-0020 rank 20/146: explicitly says SHA-512 is not listed and default uses BlockSizeSHA384in64 + 384, causing wrong HMAC output. Exact bug/root location."                                                                                                                                                                                                                                      , yes: theory_of_operation.md_007 (SHA-384/512 padding/block); theory_of_operation.md_015 (HMAC adds block size); hmac.hjson_006 (CFG digest_size supports SHA2_512).
HMAC        , 009                               , hmac.sv:360-371; hmac.sv:647-653; hmac.sv:825-836                             , wipe/cfg_block protocol: cfg_block clears on hash_stop before hmac_done completes                                                                                                                , strong , strong   , strong , strong@F-0022            , no     , yes , yes    , yes    , exact      , yes             , strong       , strong            , no_change          , strong@22/146 , "latest AGU/final F-0022 and F-0033 identify cfg_block being cleared by done/stop before the engine is safely idle, matching the hash_stop/cfg_block unlock bug."                                                                         , strong: hw/ip/hmac/data/hmac.hjson:362-366 says hash_stop sets hmac_done only after the current block is hashed; hw/ip/hmac/doc/programmers_guide.md:92-98 says SW must wait for hmac_done before context save; hw/ip/hmac/data/hmac.hjson:176 and :386 restrict config/context writes to Idle. This directly specifies the required locked-until-done behavior.                                                                                                                                                                               , F-0022 rank 22/146: says hash done/stop clears cfg_block and unlocks CSR writes; F-0033 rank 33/146 further notes cfg_block=0 before Idle. Directly covers the premature unlock on hash_stop.                                                                                                                                                                                                    , yes: hmac.hjson_007 (CMD.hash_stop and hmac_done); hmac.hjson_006 (CFG update only in Idle); hmac.hjson_013/hmac.hjson_014 (MSG_LENGTH writable only when idle).
HMAC        , 011                               , hmac.sv done_state / hash_done_event path                                     , Stale completion: 127-cycle cool_down delay before asserting hash_done_event                                                                                                                     , strong , weak     , strong , weak@F-0039              , no     , yes , yes    , no     , miss       , miss            , strong       , weak              , decreased          , weak@130/146  , "latest AGU has cool_down_ct/hash_done_event queries, but it frames the issue as undocumented threshold/latch or pulse behavior rather than the stale 127-cycle completion delay."                                                        , "strong: hw/ip/hmac/data/hmac.hjson:362-366 requires CMD.hash_stop to set hmac_done as soon as the current block has been hashed, and hw/ip/hmac/doc/programmers_guide.md:92-98 requires software to wait for hmac_done before saving/restoring context. RTL delays hash_done_event for 127 cycles after !hash_running (hmac.sv:180-188), while idle can already be exposed, directly violating the documented completion ordering."                                                                                                           , "F-0130 rank 130/146 is the closest same-code finding (cool_down_ct_d in DoneAwaitHashComplete, threshold >=127) but describes missing assignment/latch, not the stale completion delay. F-0039 rank 39/146 is only hash_done_event-pulse related."                                                                                                                                              , "yes: hmac.hjson_001 (hmac_done completion interrupt); hmac.hjson_007 (hash_stop waits for hmac_done). These are related completion refs, not exact cooldown refs."
HMAC        , wipe_secret_we                    , hmac.sv wipe_secret path                                                      , "wipe_secret_we gated by reg_error instead of !reg_error - write triggers on bus error, not normal access"                                                                                       , strong , strong   , strong , strong@F-0004;weak@F-0001, no     , yes , yes    , yes    , miss       , yes             , strong       , strong            , no_change          , strong@4/146  , "latest F-0004 directly identifies wipe_secret_we = addr_hit[8] & reg_we & reg_error, so normal writes cannot trigger wipe and bus-error writes can."                                                                                     , "strong: hw/ip/hmac/data/hmac.hjson:420-430 defines WIPE_SECRET as a CPU write that clears internal variables; hmac.hjson feature HMAC.SECURE_WIPE says internal state/secret key are wiped with SW-provided constant. The bug gates this write-enable on reg_error, contradicting the specified write-triggered wipe."                                                                                                                                                                                                                        , "F-0004 rank 4/146: exact title/evidence says wipe_secret write enable is coupled to reg_error, blocking normal SW wipe and requiring an unexpected bus error."                                                                                                                                                                                                                                  , yes: hmac.hjson_010 (WIPE_SECRET write clears secret/internal variables); hmac.hjson_005 (HMAC.SECURE_WIPE feature).
HMAC        , err_code                          , hmac.sv:842-875                                                               , Missing invalid_config_atstart in err_code priority case; hash_start disabled used twice                                                                                                         , strong , strong   , strong , strong@F-0102            , no     , yes , yes    , yes    , exact      , yes             , strong       , strong            , no_change          , strong@102/146, semantic_ag_hmac_new query hmac__always_comb__line_846__001::uncertain::0 exactly flags duplicate hash_start_sha_disabled case items in the err_code priority case.                                                                       , strong: hw/ip/hmac/doc/programmers_guide.md:119-128 explicitly defines SwInvalidConfig (0x6) for an invalid digest size or HMAC key length and says ERR_CODE records the error type. hw/ip/hmac/data/hmac.hjson:246-272 and :291-331 likewise define invalid digest/key encodings as start-blocking errors. Omitting invalid_config_atstart from err_code fails to report this documented error cause.                                                                                                                                         , "F-0102 rank 102/146: directly identifies duplicate hash_start_sha_disabled case item/unreachable dead code at the err_code case. It does not name invalid_config_atstart, but the source location and copy-paste symptom match the bug."                                                                                                                                                        , yes: hmac.hjson_009 (ERR_CODE contains error cause); hmac.hjson_006 (invalid digest/key config starts are blocked and error signalled); hmac.hjson_007 (CMD hash_start/hash_continue triggers).
HMAC        , extra_hash_stop_msg_freeze        , hmac.sv:416-420; hmac.sv:628-660; hmac_core.sv:365-386                        , hash_stop does not actually stop software message injection or freeze saved message length                                                                                                       , strong , strong   , strong , weak@F-0090@F-0126       , yes    , no  , no     , no     , extra      , miss            , weak         , miss              , increased          , weak@90/146   , "latest AGU has message_length/cfg_block and msg_allowed/msg_write queries that capture message length mutation or message injection after the intended protected window, but not as one combined hash_stop bug."                         , strong: hw/ip/hmac/data/hmac.hjson:362-366 and programmers_guide.md:92-98 require hash_stop then hmac_done before context save; hmac.hjson:491-514 says MSG_LENGTH is context state and writable only when hmac_idle is 1. A stop path that still accepts msg_write or changes saved length violates this behavior.                                                                                                                                                                                                                            , F-0090 rank 90/146 is closest: msg_allowed update around packer_flush_done can wrongly allow/deny msg_write. It is same message-injection gate but does not explicitly connect hash_stop to saved message-length freeze; F-0126 rank 126/146 is related flush/accept-new-data evidence.                                                                                                          , yes: hmac.hjson_007 (hash_stop/hmac_done/context save); hmac.hjson_013 and hmac.hjson_014 (MSG_LENGTH writable only when idle).
HMAC        , extra_hash_stop_unlock_window     , hmac.sv:360-371; hmac.sv:647-653; hmac.sv:825-836                             , hash_stop prematurely unlocks key/config/context writes before the engine is actually idle                                                                                                       , strong , strong   , strong , strong@F-0022            , yes    , no  , no     , yes    , extra      , yes             , weak         , weak              , increased          , strong@22/146 , "latest F-0022/F-0033 directly identify cfg_block clearing on stop/done before confirmed Idle, which opens key/config/context CSR update window."                                                                                         , "strong: hw/ip/hmac/data/hmac.hjson:176 requires CFG updates in Idle, :362-366 says hash_stop completes only at hmac_done, :449 says KEY updates only in Idle and are otherwise discarded/error. This directly supports that hash_stop must not unlock writes before idle/done."                                                                                                                                                                                                                                                               , F-0022 rank 22/146 directly says stop/done clears cfg_block and unlocks CSR writes; F-0033 rank 33/146 adds cfg_block=0 before Idle can update keys. Direct match.                                                                                                                                                                                                                               , yes: hmac.hjson_007 (hash_stop/hmac_done); hmac.hjson_006 (CFG update only Idle); hmac.hjson_011 (KEY update only Idle).
AES         , 004                               , aes_core.sv state clear default branch                                        , State-clear default branch: AES-128/192 falls to 'state_d = state_d' instead of clearing with PRD data                                                                                           , strong , strong   , strong , strong@F-0066;weak@F-0054, no     , yes , no     , no     , miss       , miss            , miss         , miss              , no_change          , strong@66/241 , latest F-0066 targets aes_cipher_core state_mux: invalid/default state_sel with key_len_i != AES_256 self-holds state_d/state_q instead of clearing.                                                                                      , "strong: hw/ip/aes/data/aes.hjson:362-365 and hw/ip/aes/doc/interfaces.md:44 specify internal state register is cleared with pseudo-random data at the end of the last round; aes/doc/theory_of_operation.md:340-343 repeats that state registers are cleared with PRD. This directly requires PRD clear, not state self-hold."                                                                                                                                                                                                                , F-0066 rank 66/241: says non-AES_256 default self-hold keeps previous cipher state uncleared. Same state_mux root as AES-128/192 clear default bug.                                                                                                                                                                                                                                              , yes: aes.hjson_015 (internal state register PRD clear); aes_sec_cm_testplan.hjson_009 (SVA checks state PRD clear at last round); theory_of_operation.md_012 (major key/data/state PRD clearing).
AES         , 005                               , aes_core.sv / aes_cipher_core.sv key clear mux                                , Key-clear mux routes KEY_FULL_CLEAR and KEY_DEC_CLEAR to key_expand_out instead of prd_clearing_key_i                                                                                            , strong , strong   , strong , strong@F-0004@F-0051     , no     , yes , no     , yes    , miss       , miss            , strong       , strong            , no_change          , strong@4/241  , latest F-0004 and F-0051 directly identify KEY_DEC_CLEAR/KEY_FULL_CLEAR selecting key_expand_out instead of PRD clearing key data.                                                                                                        , "strong: hw/ip/aes/data/aes.hjson:353-354 says KEY.SEC_WIPE clears key registers with pseudo-random data; aes_sec_cm_testplan.hjson:99-100 checks key registers change after PRD clear; aes/doc/registers.md:418-421 says triggered clear covers initial key, internal full key and decryption key registers. This directly requires PRD key clear."                                                                                                                                                                                           , F-0004 rank 4/241 covers KEY_DEC_CLEAR selecting key_expand_out; F-0051 rank 51/241 covers KEY_FULL_CLEAR selecting key_expand_out. Together exact match.                                                                                                                                                                                                                                        , yes: aes_sec_cm_testplan.hjson_006 (KEY.SEC_WIPE PRD clear check); aes.hjson_012 (key registers PRD clear); theory_of_operation.md_012 (major key/data PRD clear).
AES         , N-001                             , aes_control.sv:473-505; aes_cipher_core.sv:517-524; aes_cipher_core.sv:686-697, "key_words_sel redundant FSM rail OR-merged: single-rail fault produces another legal encoding, bypasses error"                                                                                  , weak   , weak     , strong , weak@F-0079@F-0165@F-0205, yes    , yes , no     , no     , miss       , miss            , miss         , miss              , no_change          , weak@165/241  , "latest AGU sees aes_control bitwise-OR combination of redundant select rails and downstream key_words_sel, but does not isolate the key_words_sel legal-encoding bypass as a complete bug."                                              , "strong: hw/ip/aes/data/aes.hjson:395-396 says critical MUX controls use sparse encodings; aes/doc/theory_of_operation.md:379-382 says multi-rail/fault countermeasures trigger fatal alert, terminal error and no data release. OR-merging a faulty rail into another legal key_words_sel bypasses that required fault response."                                                                                                                                                                                                             , F-0165 rank 165/241: describes redundant select rail mismatch causing OR-combined multiple key/IV/state paths. It is the same class/root but does not specifically name key_words_sel or the exact legal-encoding bypass.                                                                                                                                                                        , yes: theory_of_operation.md_011 (fault countermeasures fatal alert/lockup/no data release); aes.hjson_024 (critical MUX controls sparse encodings).
AES         , N-002                             , aes_control.sv:470-505; aes_control_fsm.sv:438-441; aes_core.sv:341-360       , iv_sel rail OR-merge + iv_we un-gated during CTR update: wrong IV source written before error                                                                                                    , no spec, weak     , strong , weak@F-0077@F-0165       , yes    , yes , no     , no     , miss       , miss            , miss         , miss              , no_change          , weak@77/241   , "latest AGU/final findings cover IV select one-hot assumptions, raw select use under mr_err, and log_iv_we legality, but do not combine iv_sel rail OR with ungated iv_we during CTR update."                                             , strong: hw/ip/aes/data/aes.hjson:395-396 defines sparse critical MUX controls; aes/doc/theory_of_operation.md:379-382 requires fatal alert/terminal lockup on multi-rail control faults; aes_testplan.hjson:239-242 covers that IV cannot be manipulated while busy. This directly supports rejecting/isolating faulty IV controls.                                                                                                                                                                                                            , "F-0077 rank 77/241: identifies IV mux one-hot/upstream mr_iv_sel gap and unpredictable IV write. F-0093/F-0114 cover iv_we legality and F-0165 covers OR-combined rail mismatch, but no single finding fully states the CTR-update vulnerability."                                                                                                                                              , yes: theory_of_operation.md_011 (multi-rail/control fault response); aes.hjson_024 (critical MUX sparse encodings); aes_testplan.hjson_016 (busy DUT cannot modify IV/config/key).
AES         , extra_secallowforcingmasks_ignored, aes.sv:175-181; aes_core.sv:466-503; aes_prng_masking.sv:70-103               , "SecAllowForcingMasks compile-time disable is ignored at the top level, leaving FORCE_MASKS live"                                                                                                , weak   , strong   , strong , strong@F-0239;weak@F-0025, no     , no  , no     , yes    , extra      , strong          , weak         , weak              , improved           , strong@25/241 , "latest F-0025 and F-0239 identify SecAllowForcingMasks as ignored/hard-coded to 1, enabling FORCE_MASKS in production/test-inaccessible contexts."                                                                                       , "strong: hw/ip/aes/data/aes.hjson:82-86 defines SecAllowForcingMasks as the parameter that forbids/allows forcing masks; aes/doc/registers.md:360-365 says FORCE_MASKS is only applicable if Masking and SecAllowForcingMasks are both 1. If the disable is ignored/hard-coded to allow, the documented control is violated."                                                                                                                                                                                                                  , F-0025 rank 25/241 is exact enough: phase3 confirmed the top-level AES ignores SecAllowForcingMasks and hardwires aes_core to allow FORCE_MASKS at aes.sv:175-181. F-0239 rank 239/241 is an additional exact finding for the same hard-coded SecAllowForcingMasks=1 root.                                                                                                                       , yes: aes.hjson_036 (CTRL_AUX FORCE_MASKS only applicable under SecAllowForcingMasks; shadowed aux control); aes.hjson_016 (masking may be compile-time disabled).
Keymgr      , 026                               , keymgr_ctrl.sv invalid-stage raw key output path                              , Invalid-stage key leak: StCtrlInvalid exposes raw key_state_q without entropy mask                                                                                                               , strong , strong   , strong , strong@F-0020            , no     , yes , no     , yes    , miss       , yes             ,              ,                   ,                    , strong@20/237 , "latest F-0020 exactly identifies StCtrlInvalid + invalid_stage_sel_o driving key_o.key directly from key_state_q[cdi_sel_o], bypassing entropy masking."                                                                                 , "strong: hw/ip/keymgr/doc/theory_of_operation.md:116-118 says Invalid entry wipes internal key, sideload slots and software keys; :127-137 says Invalid is terminal and faults take precedence; keymgr/doc/registers.md:648 says Invalid means sideload keys are no longer valid. This directly forbids exposing raw key material in Invalid."                                                                                                                                                                                                 , F-0020 rank 20/237 was CONFIRMED in dualclaim phase3: StCtrlInvalid plus invalid_stage_sel_o drives key_o.key from key_state_q[cdi_sel_o] and bypasses entropy masking. F-0063 and F-0171 independently confirm the same root. Direct match.                                                                                                                                                     , "yes: theory_of_operation.md_010 (Invalid state wipes keys, fault precedence); keymgr.hjson_047 (WORKING_STATE includes Invalid)."
Keymgr      , 031                               , data-enable FSM sparse encoding redirect path                                 , Data-enable FSM: illegal sparse encoding silently redirected to StCtrlDataDis instead of fsm_err                                                                                                 , strong , strong   , strong , weak@F-0237              , unknown, no  , no     , yes    , miss       , yes             ,              ,                   ,                    , strong@25/237 , latest F-0025 directly targets keymgr_data_en_state fsm_err_o hardwired to 0 so illegal FSM state is not reported; this is the security root of the sparse redirect bug.                                                                  , strong: hw/ip/keymgr/data/keymgr.hjson:397-400 defines DATA.FSM.SPARSE; keymgr_testplan.hjson:202-206 says injected FSM/check faults should fail op_status and enter StInvalid; keymgr/doc/theory_of_operation.md:241-258 says fatal/fault conditions transition to Invalid and reflect status. A silent StCtrlDataDis redirect with fsm_err_o=0 violates this.                                                                                                                                                                                , "F-0025 rank 25/237 was CONFIRMED in dualclaim phase3: keymgr_data_en_state defaults fsm_err_o to 0 and its illegal-state default redirects to StCtrlDataDis without reporting fsm_err_o. F-0060 F-0104 and F-0114 confirm the same data-enable FSM root."                                                                                                                                       , yes: keymgr.hjson_021 (DATA.FSM.SPARSE); keymgr_testplan.hjson_011 (countermeasure fault injection should alert/fail/enter StInvalid).
Keymgr      , N-003                             , keymgr_ctrl.sv:303-326                                                        , key_state_ecc_q updated from encoder but key_state_q stays all-zero: new ECC + stale data -> false ecc_errs                                                                                      , weak   , strong   , strong , weak@F-0218              , no     , yes , yes    , yes    , miss       , yes             ,              ,                   ,                    , strong@11/237 , latest F-0011 identifies key_state_q never being updated from key_state_d while key_state_ecc_words_d follows key_state_d; this is the stale key_state_q root.                                                                            , strong: hw/ip/keymgr/data/keymgr.hjson:465-467 says internal secret key is protected with ECC; keymgr_sec_cm_testplan.hjson:228-231 requires flipping internal key u_ctrl.key_state_q to trigger fatal alert and fault_status.key_ecc. New ECC over stale data causing false ecc_errs is directly in this protection domain.                                                                                                                                                                                                                   , "F-0011 rank 11/237 was CONFIRMED in dualclaim phase3: key_state_q is reset but never updated from key_state_d while ECC is recomputed from key_state_d. F-0138 also confirms the ECC-over-new-data plus stale-key-state root. Exact RTL location match."                                                                                                                                        , "yes: keymgr.hjson_033 (CTRL.KEY.INTEGRITY); keymgr_sec_cm_testplan.hjson_009 (flip key_state_q, expect fatal/key_ecc)."
Keymgr      , extra_flash_seed_validity_shift   , keymgr.sv:445-467                                                             , Flash-seed validity checks are shifted off the stages that consume them                                                                                                                          , weak   , strong   , strong , weak@F-0003              , yes    , no  , no     , yes    , extra      , yes             ,              ,                   ,                    , weak@10/237   , semantic AGU directly notes adv_matrix[OwnerInt] consumes creator_seed under owner_seed_vld and adv_dvalid[Owner] is tied high independent of owner_seed validity; this matches validity checks shifted away from consuming stages.       , "strong: hw/ip/keymgr/data/keymgr_testplan.hjson:153-160 requires invalid flash seeds/OTP/diversification/digest inputs to trigger err, recov_operation_err and INVALID_KMAC_DATA; keymgr/data/keymgr.hjson:1240-1256 DEBUG exposes INVALID_CREATOR_SEED/INVALID_OWNER_SEED. These explicitly require stage-consumed seed validity to be checked/reported."                                                                                                                                                                                    , "F-0010 rank 10/237 remains the highest same-path pairing but was judged FALSE_ALARM in dualclaim phase3. F-0115 rank 115/237 was CONFIRMED and directly identifies owner_seed used in adv_matrix[Owner] while adv_dvalid[Owner] is tied high. F-0004 and F-0005 additionally confirm creator OTP seed valid-bit is ignored."                                                                    , yes: keymgr_testplan.hjson_009 (invalid flash seeds should error and not update output); keymgr.hjson_051 (DEBUG invalid seed bits); keymgr.hjson_042/keymgr.hjson_044 (creator/owner key version/seed related checks).
UART        , 033                               , uart_core.sv:350-356                                                          , "lsio_trigger_o unconditionally de-asserted (=1'b1), ignoring TX/RX watermark conditions"                                                                                                        , strong , strong   , strong , strong@F-0059            , no     , yes , no     , yes    , exact      , miss            ,              ,                   ,                    , strong@59/61  , "latest F-0059 exactly identifies lsio_trigger_o always driven to 1 after reset, bypassing TX/RX watermark trigger semantics."                                                                                                            , strong: hw/ip/uart/data/uart.hjson:134-137 and hw/ip/uart/doc/interfaces.md:21 define lsio_trigger as self-clearing DMA status trigger set when RX/TX FIFOs pass configured watermarks. A constant 1 directly violates this condition.                                                                                                                                                                                                                                                                                                         , F-0059 rank 59/61: exact lsio_trigger_o constant 1 and expected TX/RX watermark/DMA trigger behavior. Direct match.                                                                                                                                                                                                                                                                              , yes: uart.hjson_017 (lsio_trigger set when RX/TX FIFOs are past configured watermarks); theory_of_operation.md_008 (watermark interrupt level behavior).
UART        , N-004                             , uart_core.sv:123-132; uart_core.sv:401-402                                    , Break FSM re-arms on single rx_in high without half-bit-time stability check - violates rate/arming contract                                                                                     , weak   , weak     , strong , weak@F-0002@F-0008@F-0027, yes    , yes , no     , yes    , exact      , miss            ,              ,                   ,                    , weak@46/61    , "latest AGU/final findings target BRK_WAIT/rx_in exit timing and allzero/break invariants, but do not explicitly state the required half-bit stable-high rearm check."                                                                    , strong: hw/ip/uart/doc/theory_of_operation.md:185-200 defines break and explicitly says only one interrupt is generated per break and the line must return high for at least half a bit-time before another break interrupt. Single-cycle rx_in high rearm violates this exact requirement.                                                                                                                                                                                                                                                    , F-0046 rank 46/61 is closest: asks how long rx_in must stay high before exiting BRK_WAIT. It hits the same BRK_WAIT/rx_in code but frames it as undocumented and does not explicitly cite the half-bit requirement.                                                                                                                                                                              , yes: theory_of_operation.md_013 (break requires high for at least half bit-time before additional break); uart.hjson_015 (line break feature).
UART        , extra_timeout_val0_sticky         , uart_core.sv:367-389                                                          , rx_timeout becomes permanently asserted when TIMEOUT_CTRL.EN=1 and TIMEOUT_CTRL.VAL=0                                                                                                            , strong , strong   , weak   , strong@F-0040            , yes    , no  , no     , yes    , extra      , miss            ,              ,                   ,                    , strong@40/61  , latest semantic AGU query and final F-0040 exactly flag uart_rxto_val==0 with timeout enabled causing event_rx_timeout to be immediately/stickily true.                                                                                   , weak: hw/ip/uart/data/uart.hjson:460-471 defines TIMEOUT_CTRL.VAL/EN and hw/ip/uart/doc/theory_of_operation.md:257-263 defines rx_timeout as data waiting for a programmable number of bit times with reset on timeout. This is related but does not explicitly forbid VAL=0 or define non-sticky behavior for zero.                                                                                                                                                                                                                           , F-0040 rank 40/61: exact title/evidence says uart_rxto_val==0 and enable make rx_timeout_count_q==0 immediately true and event_rx_timeout stuck high. Direct match.                                                                                                                                                                                                                              , yes: uart.hjson_025 (TIMEOUT_CTRL VAL/EN); theory_of_operation.md_015 (rx_timeout behavior and counter reset).
DMA         , 007                               , dma.sv:1031-1036                                                              , Injected fault moves DMA FSM from DmaError to DmaIdle; block resumes post-error progress and issues new system read while error status remains asserted                                          ,        , weak     , strong , weak@F-0002@F-0017       , no     ,     , no     , no     , miss       ,                 ,              ,                   ,                    , no            , "A/G/U has only generic state/error coverage around DmaError, DmaIdle, ctrl_state_q and dma_state_error; current findings F-0002/F-0006 discuss error paths but do not capture post-error progress while STATUS.error remains asserted."  , "strong: hw/ip/dma/data/dma_testplan.hjson:120-134 explicitly injects a source/destination TL-UL error and requires STATUS.aborted, no further TL-UL transactions on either source or destination interface, and an alert. Returning from DmaError and issuing a new system read while error remains asserted directly violates this required error response."                                                                                                                                                                                 , No current phase3 input finding accurately states the DmaError->DmaIdle resume/new system-read while STATUS.error remains asserted; nearest findings are generic error-state/TLUL-error claims.                                                                                                                                                                                                  , yes: dma.hjson_017; dma.hjson_018; dma_testplan.hjson_005
DMA         , 032                               , dma.sv:694-742                                                                , Same-cycle interrupt-clear response leaves clear_index unadvanced preventing the second configured interrupt-clear write from being issued                                                       ,        , weak     , strong , weak@F-0008              , no     ,     , no     , no     , miss       ,                 ,              ,                   ,                    , weak@60/84    , "A/G/U mentions clear_index_q, clear_index_en/d, dma_host_clear_intr/dma_ctn_clear_intr and possible missing/double interrupt clear, but only as local uncertainty rather than the exact same-cycle response bug."                        , strong: hw/ip/dma/data/dma.hjson:741-746 requires DMA to issue an INTR_SRC_ADDR/INTR_SRC_WR_VAL write for each set CLEAR_INTR_SRC bit; :776-800 defines those configured address/value registers. Failing to advance clear_index after a same-cycle response drops the required write for a second set bit.                                                                                                                                                                                                                                    , "F-0060 rank 60/84 is closest: it discusses clear_index capture logic and missing/double interrupt clear risk, but it does not state the same-cycle TLUL response/clear_index unadvanced mechanism. F-0068/F-0069 are only generic clear-intr request concerns."                                                                                                                                 , yes: dma.hjson_019
DMA         , dma_F-0021                        , dma.sv:265-268                                                                , DMA control FSM uses dense binary encoding (plain prim_flop) instead of prim_sparse_fsm_flop; TODO comment acknowledges it; no FSM.SPARSE in dma.hjson; fault injection can flip state undetected,        , strong   , no     , no                       , no     ,     , yes    , no     , miss       ,                 ,              ,                   ,                    , strong@49/84  , A/G/U directly covers ctrl_state_logic/ctrl_state_q through the plain state register and downstream decode assumptions; current findings F-0044/F-0049/F-0079 focus on illegal or faulted ctrl_state encodings at the same state register., no: DMA raw specs contain no explicit DMA.FSM.SPARSE or prim_sparse_fsm_flop requirement; dma.hjson_010 only describes CFG_REGWEN/busy locking and does not mandate sparse FSM hardening.                                                                                                                                                                                                                                                                                                                                                      , "F-0049 rank 49/84 is the strongest current pair: it says ctrl_state_q has no defense against illegal state encodings loaded through ctrl_state_d. This is the same state-register fault-hardening area, though phase3 rejected it by relying on the default invalid-state alert and did not confirm the dense valid-to-valid flip bug."                                                         , no: raw refs do not contain a DMA FSM sparse-encoding countermeasure.
KMAC        , 017                               , kmac.sv:906-933                                                               , g_msg_mask uses constant static_mask={MsgWidth{1'b1}} instead of fresh entropy-derived msg_mask; defeats message SCA masking                                                                     ,        , strong   , strong , strong@F-0019            , no     ,     , yes    , yes    , exact      , yes             , strong       , strong            , no_change          , strong@19/159 , A/G/U directly covers g_msg_mask/static_mask/cfg_msg_mask and the side-channel masking risk.                                                                                                                                              , "strong: kmac/doc/theory_of_operation.md:212-214 says when EnMasking and CFG_SHADOWED.msg_mask are enabled, the message is masked using the internal entropy generator; kmac/data/kmac.hjson:559-565 describes CFG_SHADOWED.msg_mask as applying PRNG to input messages. The bug replaces that entropy/PRNG mask with all-ones static_mask, so this is a strong spec match."                                                                                                                                                                   , F-0019 rank 19/159 directly states static_mask is fixed all ones instead of dynamic entropy msg_mask. F-0101/F-0080/F-0086 are same exact top-level msg_mask/static_mask path.                                                                                                                                                                                                                   , yes: theory_of_operation.md_019; kmac.hjson_025
KMAC        , 021                               , kmac.sv:1466-1480 (shared prim_alert_sender)                                  , Shared prim alert ping-skew (same root cause as HMAC 019); beyond KMAC chunk scope                                                                                                               ,        , no       , weak   , weak@F-0020              , no     ,     , no     , no     , miss       , miss            ,              ,                   ,                    , no            , A/G/U only has generic prim_alert_sender/open alert_ack_o observations; no SkewCycles/AlertSkewCycles ping-skew constraint appears in KMAC-local findings.                                                                                , "weak: kmac/doc/interfaces.md:36 lists fatal_fault_err alert behavior and kmac/data/kmac.hjson:70-77 describes fatal errors that trigger the alert, so the alert channel is spec-relevant. These docs do not describe prim_alert_sender ping skew, SkewCycles, or shared primitive handshake tolerance."                                                                                                                                                                                                                                       , No current KMAC phase3 input finding matches the shared prim_alert_sender ping-skew bug. F-0131 is only generic unconnected alert_ack_o/alert_state_o and does not mention ping skew or SkewCycles.                                                                                                                                                                                              , yes: kmac.hjson_005
KMAC        , 036                               , kmac_core.sv:227-236                                                          , kmac_core suppresses sparse_fsm_error_o for 100 cycles after entering StTerminalError (st_err_ct<100 gate)                                                                                       ,        , strong   , weak   , strong@F-0044            , no     ,     , no     , no     , miss       , miss            , strong       , weak              , no_change          , strong@44/159 , "A/G/U directly captures StTerminalError/st_err_ct/sparse_fsm_error_o, including the 100-cycle low window in kmac_core.sv:227-236."                                                                                                       , "weak: kmac/doc/interfaces.md:47 and kmac/data/kmac.hjson:314-315 say KMAC FSMs are sparsely encoded; kmac/doc/interfaces.md:36 and kmac/data/kmac.hjson:70-77 say any internal FSM entering an invalid state is a fatal fault. This supports the bug area, but no official doc requires sparse_fsm_error_o to assert immediately in StTerminalError or forbids the 100-cycle st_err_ct gate."                                                                                                                                                 , "F-0044 rank 44/159 accurately states sparse_fsm_error_o is held low in StTerminalError until st_err_ct reaches 100. Phase3 refuted it by relying on default-state immediate pulse/top-level fatal latches, so CSBC_v3 remains no even though the finding pair is strong."                                                                                                                       , yes: kmac.hjson_005; kmac.hjson_010; kmac.hjson_011; kmac.hjson_027
KMAC        , kmac_N-005                        , kmac_reduced.sv:123-139                                                       , u_msg_unpacker_share1 unconditionally instantiated; accesses msg_i[1] out of bounds when EnMasking=0 (NumShares=1). Latent config hazard                                                         ,        , weak     , weak   , weak@F-0062              , yes    ,     , no     , no     , miss       , miss            ,              ,                   ,                    , weak@62/159   , "A/G/U/finding inputs mention EnMasking=0, NumShares=1, msg_i[1], and kmac_reduced share handling, but this round does not directly identify unconditional u_msg_unpacker_share1 instantiation with an out-of-bounds msg_i[1] access."    , "weak: kmac/doc/theory_of_operation.md:217-219 says masking is disabled when EnMasking is not set and KEY_SHARE1 writes are ignored; kmac/doc/theory_of_operation.md:282-283 says the second result share is zero when EnMasking=0. These support one-share/unmasked operation, but do not specify kmac_reduced structure or require conditional instantiation of u_msg_unpacker_share1."                                                                                                                                                      , "F-0062 rank 62/159 is the closest pair because it states EnMasking=0 implies NumShares=1, but phase3 only verified the localparam binding and did not inspect the unconditional share1 unpacker. F-0046 mentions msg_i[1] handshake, but not the out-of-bounds configuration hazard."                                                                                                           , yes: theory_of_operation.md_021; theory_of_operation.md_031; kmac.hjson_037
KMAC        , kmac_F-0039                       , kmac.sv:906-933                                                               , Phase3 new discovery: g_msg_mask static_mask hardwired all-ones replaces entropy msg_mask; defeats SCA message-masking countermeasure                                                            ,        , strong   , strong , strong@F-0019            , no     ,     , yes    , yes    , exact      , yes             , strong       , strong            , no_change          , strong@19/159 , Same direct A/G/U as KMAC 017: g_msg_mask/static_mask/cfg_msg_mask and side-channel masking risk are explicitly present.                                                                                                                  , "strong: kmac/doc/theory_of_operation.md:212-214 requires internal entropy-generator masking when EnMasking/msg_mask are enabled, and kmac/data/kmac.hjson:559-565 describes msg_mask as applying PRNG to input messages. Because the bug is exactly all-ones static_mask replacing entropy/PRNG masking, this is strong."                                                                                                                                                                                                                     , F-0019 rank 19/159 is exact; F-0101/F-0080/F-0086 also confirm the same static_mask/msg_mask root.                                                                                                                                                                                                                                                                                               , yes: theory_of_operation.md_019; kmac.hjson_025
RV_DM       , 022                               , rv_dm.sv:160-173                                                              , prim_alert_sender instantiated without SkewCycles(AlertSkewCycles) parameter present in reference; reduces glitch/skew tolerance on RV_DM alert channel                                          ,        , weak     , weak   , weak@F-0040              , no     ,     , no     , no     , miss       ,                 ,              ,                   ,                    , weak@38/54    , "A/G/U has generic prim_alert_sender/open-output and alert-interface observations, but no RV_DM-specific SkewCycles or AlertSkewCycles claim."                                                                                            , "weak: rv_dm.hjson_001 defines the fatal_fault alert and its TL-UL integrity trigger, so the alert channel is spec-relevant. The official RV_DM docs/raw refs do not specify prim_alert_sender SkewCycles(AlertSkewCycles) or ping-skew tolerance for this instance."                                                                                                                                                                                                                                                                          , "F-0038 rank 38/54 is the closest alert-sender finding (unconnected alert_ack_o/alert_state_o), but it does not describe missing SkewCycles/AlertSkewCycles. Confirmed SBA alert findings are unrelated to this skew bug."                                                                                                                                                                       , yes: rv_dm.hjson_001
RV_DM       , 034                               , rv_dm_dmi_gate.sv:244-245                                                     , dmi_rsp_valid = dmi_rsp_valid_i & dmi_en drops reference tlul_resp_pending OR term; last pending DMI response suppressed when dmi_en falls during completion pulse                               ,        , no       , no     , no                       , no     ,     , no     , no     , miss       ,                 ,              ,                   ,                    , no            , No A/G/U or current phase3 input evidence found for dmi_rsp_valid dropping tlul_resp_pending or suppressing the last pending response when dmi_en falls.                                                                                  , "no: RV_DM raw refs describe DMI/JTAG features and lifecycle gating at a higher level, but none specifies tlul_resp_pending, dmi_rsp_valid pending-response behavior, or preserving a final DMI response when dmi_en falls."                                                                                                                                                                                                                                                                                                                   , No current phase3 finding matches dmi_rsp_valid = dmi_rsp_valid_i & dmi_en or the missing tlul_resp_pending OR term. F-0041 is about JTAG dmi_rsp_ready gating and is not the same RTL path.                                                                                                                                                                                                     , no
RV_DM       , 046                               , rv_dm_dmi_gate.sv:165-178                                                     , lc_hw_debug_clr SEC_CM removed from hw_debug_en_gating; strap latch only clears on byp/escalate; stale RV debug authorization persists after lc debug permission returns to Off                  ,        , weak     , strong , weak@F-0005@F-0021       , no     ,     , no     , no     , miss       ,                 ,              ,                   ,                    , weak@1/54     , "A/G/U includes lifecycle debug enable gating and lc_hw_debug_en_i/lc_check_byp_en_i/lc_escalate_en_i synchronization assumptions, but not the exact missing lc_hw_debug_clr stale-authorization claim."                                  , "strong: hw/ip/rv_dm/data/rv_dm.hjson:367-391 defines DM_EN.CTRL.LC_GATED: critical debug blocks, including DMI, reset request, SBA and debug request, are gated by lifecycle signals and debug is always disabled outside the permitted lifecycle states. hw/ip/rv_dm/data/rv_dm_sec_cm_testplan.hjson:37-50 requires a non-On lc_hw_debug_en to disable debug, memory and SBA access. A stale authorization after lifecycle debug permission goes Off directly contradicts this behavior."                                                   , "F-0001 rank 1/54 is related and confirmed a lifecycle/DMI request-valid gating issue, but its root is rv_dm_dmi_gate.sv:230-245/274-278 during escalation, not the stale lc_hw_debug_clr latch at rv_dm_dmi_gate.sv:165-178."                                                                                                                                                                   , yes: rv_dm.hjson_003; rv_dm.hjson_028; rv_dm.hjson_033; rv_dm_sec_cm_testplan.hjson_001
RV_DM       , 047                               , rv_dm.sv:286-351                                                              , NDM-reset debug latch removed; reset_req_en taken from live lc_hw_debug_en_gated; revoking live debug authorization after NDM reset starts removes only ack path                                 ,        , weak     , no     , weak@F-0003              , no     ,     , no     , no     , miss       ,                 ,              ,                   ,                    , weak@3/54     , "A/G/U contains reset_req_en, lc_hw_debug_en_gated, ndmreset_req_o and ndmreset_ack/lc_rst_pending uncertainties, but no exact live-debug revocation during NDM reset claim."                                                             , no: the official NDM-reset behavior does not require reset_req_en to remain latched after lifecycle debug is revoked. hw/ip/rv_dm/data/rv_dm_testplan.hjson:301-318 explicitly directs the test to set lc_hw_debug_en non-On during an active NDM reset and states that ndmreset_o then drops; pinmux_hw_debug_en remains On only to keep the JTAG side open. hw/ip/rv_dm/doc/theory_of_operation.md:36-40 and doc/interfaces.md:24 give the same TAP-side-only role. These specs therefore do not support the claimed reset_req_en/ack defect., "F-0003 rank 3/54 is the closest NDM-reset tracking finding, but it targets lc_rst_asserted/lc_rst_pending synchronization and does not state the reset_req_en live debug-revocation bug."                                                                                                                                                                                                       , yes: rv_dm.hjson_005; rv_dm.hjson_022; rv_dm.hjson_028; rv_dm_testplan.hjson_012
SOC_DBG_CTRL, 024                               , soc_dbg_ctrl.sv:66-79                                                         , Alert skew candidate: prim_alert_sender/prim_diff_decode ping-skew suppresses local sender handshake (shared-primitive skew-handling bug)                                                        ,        , weak     , weak   , weak@F-0019              , no     ,     , no     , no     , miss       ,                 ,              ,                   ,                    , weak@19/44    , "A/G/U only contains generic prim_alert_sender/alert_ack_o observations for soc_dbg_ctrl, not ping-skew suppression or SkewCycles/AlertSkewCycles behavior."                                                                              , "weak: hw/ip/soc_dbg_ctrl/doc/interfaces.md:27-32 and data/soc_dbg_ctrl.hjson:52-64 define the fatal/recoverable alerts and their countermeasures, establishing that the alert channel is security-relevant. No corresponding module spec describes prim_alert_sender/prim_diff_decode ping skew, SkewCycles, or local sender-handshake behavior, so it does not directly constrain the reported shared-primitive bug."                                                                                                                        , "F-0019 rank 19/44 is an adjacent confirmed alert_test/IsFatal bit-order bug in the alert sender loop, but it does not describe the shared prim_alert_sender ping-skew bug. F-0035 is only generic unconnected alert_ack/state."                                                                                                                                                                 , yes: soc_dbg_ctrl.hjson_001; soc_dbg_ctrl.hjson_002
SOC_DBG_CTRL, 045                               , soc_dbg_ctrl.sv:202-206                                                       , Legal shadowed CSR write publishes unlocked production debug policy; SocDbgStProd branch drives category/valid/relocked from CSRs without lc_rma_state_i/lc_cpu_en_i lifecycle gating            ,        , weak     , weak   , weak@F-0004@F-0022       , no     ,     , no     , yes    , miss       ,                 ,              ,                   ,                    , weak@4/44     , "A/G/U strongly touches SocDbgStProd and debug_policy fields, but generated hypotheses focus on glitches, illegal encodings, and relocked fail-open behavior rather than missing lc_rma_state_i/lc_cpu_en_i lifecycle gating."            , "weak: hw/ip/soc_dbg_ctrl/doc/interfaces.md:19-21 and data/soc_dbg_ctrl.hjson:86-115 define lifecycle debug/test qualifiers, while data/soc_dbg_ctrl.hjson:174-180 defines debug_policy_category as the SoC-wide debug/DFT authorization policy. However, the module spec contains no lc_rma_state_i/lc_cpu_en_i requirement and no SocDbgStProd rule requiring category/valid/relocked to be lifecycle-gated. The docs establish security relevance but not the exact missing-gate behavior."                                                 , "F-0004 rank 4/44 and related F-0013/F-0027/F-0033 confirm a different relocked invalid-code fail-open bug, but the confirmed root lands on the same precise SocDbgStProd policy-copy assignments at soc_dbg_ctrl.sv:203/205/206. Under the exact-code-location criterion this is a CSBC_v3 hit, while semantic pairing remains weak because lc_rma_state_i/lc_cpu_en_i gating is not described.", yes: soc_dbg_ctrl.hjson_007; soc_dbg_ctrl.hjson_008; soc_dbg_ctrl.hjson_009; soc_dbg_ctrl.hjson_012; soc_dbg_ctrl.hjson_013; soc_dbg_ctrl.hjson_014; soc_dbg_ctrl.hjson_015
TLUL        , 028                               , tlul_fifo_sync.sv:57-91                                                       , Merged TL-UL request-word fault corrupts live UART CTRL access while keeping request valid enough to be consumed by downstream CSR path                                                          ,        , strong   , weak   , no                       , no     ,     , no     , yes    , exact      , yes             , strong       , strong            , increased          , strong@27/38  , "A/G/U/finding input now directly covers tlul_bug_001 driver, corrupted_data/corrupted_data_intg, and request FIFO insertion in tlul_fifo_sync.sv."                                                                                       , "weak: hw/ip/tlul/README.md:455-456 and :475-490 describe tlul_fifo_sync as a host-to-device FIFO that maintains the TL-UL protocol and provides request elasticity. TlulProtocolChecker.md:108-124 additionally requires known a_data/a_valid/a_ready values. This is a relevant FIFO/request-path contract, but it does not explicitly prohibit a known-value internal corruption with recomputed integrity, so the injected request-word mutation is not a direct spec match."                                                              , F-0027 rank 27/38 directly asks for cross-chunk review of tlul_bug_001 driver and phase3 confirmed tlul_fifo_sync.sv:57-82 corrupts accepted request FIFO data. F-0018/F-0033/F-0034 are same exact corruption path but extra.                                                                                                                                                                   , yes: TlulProtocolChecker.md_012; TlulProtocolChecker.md_014; TlulProtocolChecker.md_015
TLUL        , 029                               , tlul_adapter_reg.sv:155-205                                                   , AccessLatency=1 adapter mutates buffered TL-UL read payload to all-ones after response phase while keeping d_error clear; downstream consumer accepts corrupted payload                          ,        , strong   , weak   , weak@F-0006              , no     ,     , yes    , yes    , exact      , yes             , strong       , strong            , no_change          , strong@11/38  , A/G/U directly sees tlul_adapter_reg AccessLatency/Verilator late-error path and rdata forced to all-ones via __tlul_bug_002_late_error.                                                                                                  , "weak: hw/ip/tlul/README.md:455-456 defines a protocol-maintaining host/device FIFO role, and TlulProtocolChecker.md:151-153, :190-201 requires a Get response to be AccessAckData with known d_data/d_error. Those constraints are relevant to a corrupted response path, but a known all-ones payload with d_error=0 can satisfy them; no module spec states that the special late-error condition must alter d_error or preserve the buffered payload."                                                                                     , "F-0011 rank 11/38 is the highest exact phase3 hit: the literal missing-rdata claim was wrong, but phase3 confirmed the same late_error path corrupts rdata without asserting d_error at tlul_adapter_reg.sv:174-212/240. F-0024 is also same code path but only describes Verilator-vs-non-Verilator divergence."                                                                               , yes: TlulProtocolChecker.md_016; TlulProtocolChecker.md_023; TlulProtocolChecker.md_024
